Title,Runtime,User Rating,Metascore,Votes,Imdb Gross,Genre
Star Wars: Episode VII - The Force Awakens,138 min,7.8,80        ,887830,"936,662,225",Action
Avengers: Endgame,181 min,8.4,78        ,951959,"858,373,000",Action
Avatar,162 min,7.8,83        ,1160469,"760,507,625",Action
Black Panther,134 min,7.3,88        ,681794,"700,059,566",Action
Avengers: Infinity War,149 min,8.4,68        ,933757,"678,815,482",Action
Jurassic World,124 min,7.0,59        ,603438,"652,270,625",Action
The Avengers,143 min,8.0,69        ,1313011,"623,279,547",Action
Star Wars: Episode VIII - The Last Jedi,152 min,6.9,84        ,591528,"620,181,382",Action
Incredibles 2,118 min,7.6,80        ,270721,"608,581,744",Animation
The Lion King,118 min,6.8,55        ,227720,"543,638,043",Animation
The Dark Knight,152 min,9.0,84        ,2432726,"534,858,444",Action
Rogue One: A Star Wars Story,133 min,7.8,65        ,583158,"532,177,324",Action
Star Wars: The Rise Of Skywalker,141 min,6.5,53        ,406207,"515,202,542",Action
Beauty and the Beast,129 min,7.1,65        ,289771,"504,014,165",Adventure
Finding Dory,97 min,7.3,77        ,256014,"486,295,561",Animation
Frozen II,103 min,6.8,64        ,153541,"477,373,578",Animation
Avengers: Age of Ultron,141 min,7.3,66        ,795756,"459,005,868",Action
The Dark Knight Rises,164 min,8.4,78        ,1585934,"448,139,099",Action
Shrek 2,93 min,7.2,75        ,438156,"436,471,036",Animation
Toy Story 4,100 min,7.7,84        ,224603,"434,038,008",Animation
Captain Marvel,123 min,6.8,64        ,496265,"426,829,839",Action
The Hunger Games: Catching Fire,146 min,7.5,76        ,635248,"424,668,047",Action
Pirates of the Caribbean: Dead Man's Chest,151 min,7.3,53        ,678205,"423,315,812",Action
Jurassic World: Fallen Kingdom,128 min,6.2,51        ,284809,"417,719,760",Action
Toy Story 3,103 min,8.2,92        ,789308,"415,004,880",Animation
Wonder Woman,141 min,7.4,76        ,614178,"412,563,408",Action
Iron Man Three,130 min,7.1,62        ,794855,"409,013,994",Action
Captain America: Civil War,147 min,7.8,75        ,713478,"408,084,349",Action
The Hunger Games,142 min,7.2,68        ,875664,"408,010,692",Action
Jumanji: Welcome to the Jungle,119 min,6.9,58        ,347107,"404,515,480",Action
Spider-Man,121 min,7.3,73        ,729364,"403,706,375",Action
Transformers: Revenge of the Fallen,149 min,6.0,35        ,395199,"402,111,870",Action
Frozen,102 min,7.4,75        ,594068,"400,738,009",Animation
Spider-Man: Far from Home,129 min,7.4,69        ,385933,"390,532,085",Action
Guardians of the Galaxy Vol. 2,136 min,7.6,67        ,614978,"389,813,101",Action
Harry Potter and the Deathly Hallows: Part 2,130 min,8.1,85        ,807005,"381,011,219",Adventure
Finding Nemo,100 min,8.1,90        ,987711,"380,843,261",Animation
Star Wars: Episode III - Revenge of the Sith,140 min,7.5,68        ,740606,"380,262,555",Action
The Lord of the Rings: The Return of the King,201 min,8.9,94        ,1717613,"377,845,905",Action
Spider-Man 2,127 min,7.3,83        ,579114,"373,585,825",Action
The Passion of the Christ,127 min,7.2,47        ,223233,"370,782,930",Drama            
The Secret Life of Pets,87 min,6.5,61        ,191950,"368,384,330",Animation
Despicable Me 2,98 min,7.3,62        ,382218,"368,061,265",Animation
The Jungle Book,106 min,7.4,77        ,267954,"364,001,123",Adventure
Deadpool,108 min,8.0,65        ,954467,"363,070,709",Action
Inside Out,95 min,8.1,94        ,657533,"356,461,711",Animation
Aladdin,128 min,6.9,53        ,246200,"355,559,216",Adventure
Furious 7,137 min,7.1,67        ,376013,"353,007,020",Action
Transformers: Dark of the Moon,154 min,6.2,42        ,395085,"352,390,543",Action
American Sniper,133 min,7.3,72        ,459801,"350,126,372",Action
The Lord of the Rings: The Two Towers,179 min,8.7,87        ,1552803,"342,551,365",Action
Zootopia,108 min,8.0,78        ,461066,"341,268,248",Animation
The Hunger Games: Mockingjay - Part 1,123 min,6.6,64        ,431981,"337,135,885",Action
Spider-Man 3,139 min,6.2,59        ,527244,"336,530,303",Action
Minions,91 min,6.4,56        ,222476,"336,045,770",Animation
Joker,122 min,8.4,59        ,1083384,"335,451,311",Crime
Aquaman,143 min,6.9,55        ,419122,"335,061,807",Action
Spider-Man: Homecoming,133 min,7.4,73        ,559757,"334,201,140",Action
Alice in Wonderland,108 min,6.4,53        ,397402,"334,191,110",Adventure
Guardians of the Galaxy,121 min,8.0,76        ,1099254,"333,176,600",Action
Batman v Superman: Dawn of Justice,152 min,6.4,44        ,666701,"330,360,194",Action
It,135 min,7.3,69        ,493749,"327,481,748",Horror            
Suicide Squad,123 min,5.9,40        ,654330,"325,100,054",Action
Deadpool 2,119 min,7.7,66        ,522236,"324,591,735",Action
Shrek the Third,93 min,6.1,58        ,292392,"320,706,665",Animation
Transformers,144 min,7.0,61        ,614656,"319,246,193",Action
Iron Man,126 min,7.9,79        ,988474,"318,412,101",Action
Harry Potter and the Sorcerer's Stone,152 min,7.6,64        ,703873,"317,575,550",Adventure
Indiana Jones and the Kingdom of the Crystal Skull,122 min,6.1,65        ,439316,"317,101,119",Action
Jumanji: The Next Level,123 min,6.7,58        ,217259,"316,831,246",Action
The Lord of the Rings: The Fellowship of the Ring,178 min,8.8,92        ,1738895,"315,544,750",Action
Thor: Ragnarok,130 min,7.9,74        ,652411,"315,058,289",Action
Iron Man 2,124 min,7.0,57        ,761995,"312,433,331",Action
Star Wars: Episode II - Attack of the Clones,142 min,6.5,54        ,668306,"310,675,583",Action
Pirates of the Caribbean: At World's End,169 min,7.1,50        ,616490,"309,420,425",Action
Pirates of the Caribbean: The Curse of the Black Pearl,143 min,8.0,63        ,1048501,"305,413,918",Action
Skyfall,143 min,7.8,81        ,663020,"304,360,277",Action
The Hobbit: An Unexpected Journey,169 min,7.8,58        ,783186,"303,003,568",Adventure
Harry Potter and the Half-Blood Prince,153 min,7.6,78        ,502226,"301,959,197",Action
The Twilight Saga: Eclipse,124 min,5.0,58        ,236820,"300,531,751",Action
The Twilight Saga: New Moon,130 min,4.7,44        ,274920,"296,623,634",Adventure
Harry Potter and the Deathly Hallows: Part 1,146 min,7.7,65        ,505627,"295,983,305",Adventure
Up,96 min,8.2,88        ,979994,"293,004,164",Animation
Inception,148 min,8.8,74        ,2183015,"292,576,195",Action
The Twilight Saga: Breaking Dawn - Part 2,115 min,5.5,52        ,240054,"292,298,923",Adventure
Harry Potter and the Order of the Phoenix,138 min,7.5,71        ,537877,"292,004,738",Action
"The Chronicles of Narnia: The Lion, the Witch and the Wardrobe",143 min,6.9,75        ,380036,"291,709,845",Adventure
Man of Steel,143 min,7.0,55        ,732815,"291,045,518",Action
Harry Potter and the Goblet of Fire,157 min,7.7,81        ,577166,"290,013,036",Adventure
"Monsters, Inc.",92 min,8.1,79        ,854476,"289,916,256",Animation
The Hunger Games: Mockingjay - Part 2,137 min,6.6,65        ,304299,"281,723,902",Action
The Matrix Reloaded,138 min,7.2,62        ,545842,"281,492,479",Action
The Twilight Saga: Breaking Dawn - Part 1,117 min,4.9,45        ,232041,"281,287,133",Adventure
Meet the Fockers,115 min,6.3,41        ,261944,"279,261,160",Comedy
The Hangover,100 min,7.7,73        ,745853,"277,322,503",Comedy            
Gravity,91 min,7.7,96        ,794023,"274,092,705",Adventure
The Grinch,85 min,6.3,51        ,60107,"270,620,950",Animation
Sing,108 min,7.1,59        ,143759,"270,395,425",Animation
Monsters University,104 min,7.2,65        ,338996,"268,492,764",Animation
Shrek,90 min,7.9,84        ,640944,"267,665,011",Animation
Despicable Me 3,89 min,6.3,49        ,122934,"264,624,300",Animation
The Amazing Spider-Man,136 min,6.9,66        ,584387,"262,030,663",Action
Harry Potter and the Chamber of Secrets,161 min,7.4,63        ,585253,"261,988,482",Adventure
The Incredibles,115 min,8.0,90        ,683681,"261,441,092",Animation
How the Grinch Stole Christmas,104 min,6.2,46        ,223158,"260,044,825",Comedy
Captain America: The Winter Soldier,136 min,7.7,70        ,781667,"259,766,572",Action
The Hobbit: The Desolation of Smaug,161 min,7.8,66        ,624182,"258,366,855",Adventure
The Lego Movie,100 min,7.7,83        ,336188,"257,760,692",Animation
Star Trek,127 min,7.9,82        ,591143,"257,730,019",Action
I Am Legend,101 min,7.2,65        ,716219,"256,386,216",Action
The Blind Side,129 min,7.6,53        ,309700,"255,959,475",Biography
The Hobbit: The Battle of the Five Armies,144 min,7.4,59        ,496367,"255,119,788",Adventure
The Hangover Part II,102 min,6.5,44        ,479353,"254,464,305",Comedy            
Despicable Me,95 min,7.6,72        ,518940,"251,513,985",Animation
Night at the Museum,108 min,6.4,48        ,328789,"250,863,268",Adventure
Harry Potter and the Prisoner of Azkaban,142 min,7.9,82        ,583357,"249,358,727",Adventure
Moana,107 min,7.6,81        ,299255,"248,757,044",Animation
Transformers: Age of Extinction,165 min,5.6,32        ,305413,"245,439,076",Action
Cars,117 min,7.1,73        ,389557,"244,082,982",Animation
Bruce Almighty,101 min,6.8,46        ,385401,"242,829,261",Comedy
My Big Fat Greek Wedding,95 min,6.6,62        ,125403,"241,438,208",Comedy
Maleficent,97 min,7.0,56        ,358650,"241,410,378",Action
Pirates of the Caribbean: On Stranger Tides,136 min,6.6,45        ,499436,"241,063,875",Action
Furious 6,130 min,7.0,61        ,382514,"238,679,850",Action
Shrek Forever After,93 min,6.3,58        ,194054,"238,371,987",Animation
Brave,93 min,7.1,69        ,389697,"237,283,207",Animation
Oz the Great and Powerful,130 min,6.3,44        ,203336,"234,911,825",Adventure
X-Men: The Last Stand,104 min,6.7,58        ,497614,"234,362,462",Action
War of the Worlds,116 min,6.5,73        ,430440,"234,280,354",Action
Fantastic Beasts and Where to Find Them,132 min,7.3,66        ,430370,"234,037,575",Adventure
X-Men: Days of Future Past,132 min,7.9,75        ,681718,"233,921,534",Action
Cast Away,143 min,7.8,73        ,555107,"233,632,142",Adventure
Doctor Strange,115 min,7.5,72        ,649465,"232,641,920",Action
Justice League,120 min,6.1,45        ,427131,"229,024,295",Action
Star Trek Into Darkness,132 min,7.7,72        ,473128,"228,778,661",Action
The Martian,144 min,8.0,80        ,799427,"228,433,663",Adventure
Signs,106 min,6.7,59        ,349589,"227,966,634",Drama
Hancock,92 min,6.4,49        ,461238,"227,946,274",Action
The Bourne Ultimatum,115 min,8.0,85        ,617729,"227,471,070",Action
Logan,137 min,8.1,77        ,693013,"226,277,068",Action
Rush Hour 2,90 min,6.6,48        ,209225,"226,164,286",Action
The Fate of the Furious,136 min,6.6,56        ,220197,"226,008,385",Action
WALL·E,98 min,8.4,95        ,1047131,"223,808,164",Animation
Big Hero 6,102 min,7.8,74        ,431442,"222,527,828",Animation
Mission: Impossible - Fallout,147 min,7.7,86        ,309623,"220,159,104",Action
National Treasure: Book of Secrets,124 min,6.5,48        ,227013,"219,964,115",Action
Alvin and the Chipmunks: The Squeakquel,88 min,4.5,41        ,46474,"219,614,612",Animation
Ted,106 min,6.9,62        ,588159,"218,815,487",Comedy            
King Kong,187 min,7.2,81        ,408218,"218,080,025",Action
How to Train Your Dragon,98 min,8.1,75        ,696649,"217,581,231",Animation
The Da Vinci Code,149 min,6.6,46        ,416377,"217,536,138",Mystery
Alvin and the Chipmunks,92 min,5.2,39        ,81115,"217,326,974",Animation
Ant-Man and the Wasp,118 min,7.0,70        ,348887,"216,648,740",Action
Bohemian Rhapsody,134 min,7.9,49        ,491456,"216,428,042",Biography
Madagascar 3: Europe's Most Wanted,93 min,6.8,60        ,171687,"216,391,482",Animation
Kung Fu Panda,92 min,7.6,74        ,440257,"215,434,591",Animation
Mission: Impossible II,123 min,6.1,59        ,326604,"215,409,889",Action
A Star Is Born,136 min,7.6,88        ,357892,"215,288,866",Drama
X2: X-Men United,134 min,7.4,68        ,528955,"214,949,694",Action
The Lorax,86 min,6.4,46        ,105152,"214,030,500",Animation
Solo: A Star Wars Story,135 min,6.9,62        ,314854,"213,767,512",Action
Venom,112 min,6.7,35        ,420402,"213,515,506",Action
Austin Powers in Goldmember,94 min,6.2,62        ,202553,"213,307,889",Action
It Chapter Two,169 min,6.5,58        ,233037,"211,593,228",Drama
300,117 min,7.6,52        ,759454,"210,614,939",Action
Fast Five,130 min,7.3,66        ,368024,"209,837,675",Action
Coco,105 min,8.4,81        ,436777,"209,726,015",Animation
Mission: Impossible - Ghost Protocol,132 min,7.4,73        ,471287,"209,397,903",Action
Wedding Crashers,119 min,6.9,64        ,342864,"209,218,368",Comedy
Sherlock Holmes,128 min,7.6,57        ,605115,"209,028,679",Action
Dawn of the Planet of the Apes,130 min,7.6,79        ,424172,"208,545,589",Action
Batman Begins,140 min,8.2,70        ,1366339,"206,852,432",Action
Charlie and the Chocolate Factory,115 min,6.6,72        ,449438,"206,459,076",Adventure
Ratatouille,111 min,8.0,96        ,672669,"206,445,654",Animation
Thor: The Dark World,112 min,6.8,54        ,631618,"206,362,140",Action
Bad Boys for Life,124 min,6.6,59        ,145302,"206,305,244",Action
The Amazing Spider-Man 2,142 min,6.5,53        ,438098,"202,853,933",Action
World War Z,116 min,7.0,63        ,628710,"202,359,711",Action
The Mummy Returns,130 min,6.4,48        ,311954,"202,019,785",Action
Cinderella,105 min,6.9,67        ,169340,"201,151,353",Adventure
Ralph Breaks the Internet,112 min,7.0,71        ,145386,"201,091,711",Animation
Tangled,100 min,7.7,71        ,424978,"200,821,936",Animation
Godzilla,123 min,6.4,62        ,399664,"200,676,069",Action
Superman Returns,154 min,6.0,72        ,276690,"200,081,192",Action
Spectre,148 min,6.8,60        ,410996,"200,074,175",Action
Pearl Harbor,183 min,6.2,44        ,321294,"198,542,554",Action
Monsters vs. Aliens,94 min,6.4,56        ,154259,"198,351,526",Animation
Happy Feet,108 min,6.4,77        ,177404,"198,000,317",Animation
Ice Age: Dawn of the Dinosaurs,94 min,6.9,50        ,233567,"196,573,705",Animation
Ice Age: The Meltdown,91 min,6.8,60        ,266270,"195,330,621",Animation
Mission: Impossible - Rogue Nation,131 min,7.4,75        ,355773,"195,042,377",Action
Madagascar,86 min,6.9,57        ,382003,"193,595,521",Animation
22 Jump Street,112 min,7.0,71        ,359308,"191,719,337",Action
Twilight,122 min,5.2,56        ,444439,"191,465,414",Drama
Cars 2,106 min,6.1,57        ,172834,"191,452,396",Animation
Teenage Mutant Ninja Turtles,101 min,5.8,31        ,205518,"191,204,754",Action
Men in Black II,88 min,6.2,49        ,357413,"190,418,803",Action
Spider-Man: Into the Spider-Verse,117 min,8.4,87        ,433013,"190,241,310",Animation
Wreck-It Ralph,101 min,7.7,72        ,397812,"189,422,889",Animation
Dunkirk,106 min,7.8,94        ,600306,"188,373,161",Action
A Quiet Place,90 min,7.5,82        ,484373,"188,024,361",Drama
Interstellar,169 min,8.6,74        ,1629050,"188,020,017",Adventure
Gladiator,155 min,8.5,67        ,1406206,"187,705,427",Action
The Croods,98 min,7.2,55        ,203003,"187,168,425",Animation
Sherlock Holmes: A Game of Shadows,129 min,7.5,48        ,435514,"186,848,418",Action
The Day After Tomorrow,124 min,6.4,47        ,430694,"186,740,799",Action
Mr. & Mrs. Smith,120 min,6.5,55        ,469174,"186,336,279",Action
Pitch Perfect 2,115 min,6.4,63        ,149337,"184,296,230",Comedy
The Revenant,156 min,8.0,76        ,747047,"183,637,894",Action
Ocean's Eleven,116 min,7.7,74        ,541479,"183,417,150",Crime
The Polar Express,100 min,6.6,61        ,188331,"183,373,735",Animation
The Simpsons Movie,87 min,7.3,80        ,318535,"183,135,014",Animation
What Women Want,127 min,6.4,47        ,201005,"182,811,707",Comedy
The Perfect Storm,130 min,6.4,59        ,162055,"182,618,434",Action
Lincoln,150 min,7.3,86        ,252823,"182,207,973",Biography
Jurassic Park III,92 min,5.9,42        ,305971,"181,171,875",Action
Thor,115 min,7.0,57        ,787385,"181,030,624",Action
Ant-Man,117 min,7.3,64        ,611161,"180,202,163",Action
Planet of the Apes,119 min,5.7,50        ,215180,"180,011,740",Action
Madagascar: Escape 2 Africa,89 min,6.6,61        ,215313,"180,010,950",Animation
X-Men Origins: Wolverine,107 min,6.6,40        ,483606,"179,883,157",Action
Hitch,118 min,6.6,58        ,305526,"179,495,555",Comedy
Men in Black 3,106 min,6.8,58        ,347443,"179,020,854",Action
Home,94 min,6.6,55        ,97566,"177,397,510",Animation
Night at the Museum: Battle of the Smithsonian,105 min,6.0,42        ,186187,"177,243,721",Adventure
How to Train Your Dragon 2,102 min,7.8,77        ,318128,"177,002,924",Animation
Rise of the Planet of the Apes,105 min,7.5,68        ,509898,"176,760,185",Action
Captain America: The First Avenger,124 min,6.9,66        ,786534,"176,654,505",Action
The Karate Kid,140 min,6.2,61        ,171802,"176,591,618",Action
Ice Age,81 min,7.5,61        ,459153,"176,387,405",Animation
The Bourne Supremacy,108 min,7.7,73        ,447620,"176,241,941",Action
Get Out,104 min,7.7,85        ,534804,"176,040,665",Horror
The Lego Batman Movie,104 min,7.3,75        ,138756,"175,750,384",Animation
Us,116 min,6.8,81        ,259457,"175,084,580",Horror
The Boss Baby,97 min,6.3,50        ,117937,"175,003,033",Animation
Crazy Rich Asians,120 min,6.9,74        ,156912,"174,532,921",Comedy
The Greatest Showman,105 min,7.6,48        ,257936,"174,340,174",Biography
Fast & Furious Presents: Hobbs & Shaw,137 min,6.4,60        ,195462,"173,956,935",Action
Elf,97 min,7.0,64        ,239750,"173,398,518",Adventure
National Treasure,131 min,6.9,39        ,316590,"173,008,894",Action
Pirates of the Caribbean: Dead Men Tell No Tales,129 min,6.5,39        ,282493,"172,558,876",Action
TRON: Legacy,125 min,6.8,49        ,323914,"172,062,763",Action
Mary Poppins Returns,130 min,6.7,66        ,82339,"171,958,438",Comedy
True Grit,110 min,7.6,80        ,324551,"171,243,005",Drama
John Wick: Chapter 3 - Parabellum,130 min,7.4,73        ,308488,"171,015,687",Action
A Beautiful Mind,135 min,8.2,72        ,884789,"170,742,341",Biography
Chicago,113 min,7.2,81        ,222785,"170,687,518",Comedy
The Help,146 min,8.0,62        ,440706,"169,708,112",Drama            
Hotel Transylvania 2,89 min,6.7,44        ,116429,"169,700,110",Animation
Hidden Figures,127 min,7.8,74        ,213339,"169,607,287",Biography
Bridesmaids,125 min,6.8,75        ,280970,"169,106,725",Comedy
Quantum of Solace,106 min,6.6,58        ,427223,"168,368,427",Action
Wild Hogs,100 min,5.8,27        ,116403,"168,273,550",Action
Kong: Skull Island,118 min,6.6,62        ,300028,"168,052,812",Action
Gone Girl,149 min,8.1,79        ,914407,"167,767,189",Drama
Hotel Transylvania 3: Summer Vacation,97 min,6.3,54        ,64686,"167,510,016",Animation
Casino Royale,144 min,8.0,80        ,618758,"167,445,960",Action
Meet the Parents,108 min,7.0,73        ,321617,"166,244,045",Comedy
Fifty Shades of Grey,125 min,4.1,46        ,307545,"166,167,230",Drama
2012,158 min,5.8,49        ,364847,"166,112,167",Action
Knives Out,130 min,7.9,82        ,541108,"165,359,751",Comedy
Kung Fu Panda 2,90 min,7.2,67        ,266984,"165,249,063",Animation
Hannibal,131 min,6.8,57        ,264361,"165,092,268",Crime
Catch Me If You Can,141 min,8.1,75        ,893036,"164,615,351",Biography
The Proposal,108 min,6.7,48        ,308480,"163,958,031",Comedy
The Pursuit of Happyness,117 min,8.0,64        ,475788,"163,566,459",Biography
Clash of the Titans,106 min,5.8,39        ,276523,"163,214,888",Action
The SpongeBob Movie: Sponge Out of Water,92 min,6.0,62        ,52549,"162,994,032",Animation
Django Unchained,165 min,8.4,81        ,1435912,"162,805,434",Drama
Jason Bourne,123 min,6.6,58        ,216674,"162,434,410",Action
Grown Ups,102 min,6.0,30        ,238172,"162,001,186",Comedy            
Ice Age: Continental Drift,88 min,6.5,49        ,199690,"161,321,843",Animation
Straight Outta Compton,147 min,7.8,72        ,189595,"161,197,785",Biography
Die Another Day,133 min,6.1,56        ,212741,"160,942,139",Action
Shark Tale,90 min,6.0,48        ,174709,"160,861,908",Animation
How to Train Your Dragon: The Hidden World,104 min,7.5,71        ,115811,"160,799,505",Animation
The Heat,117 min,6.6,60        ,166948,"159,582,188",Action
Fantastic Beasts: The Crimes of Grindelwald,134 min,6.5,52        ,240286,"159,555,901",Adventure
Halloween,106 min,6.6,67        ,136377,"159,342,015",Crime
1917,119 min,8.3,78        ,499637,"159,227,644",Action
The Secret Life of Pets 2,86 min,6.5,55        ,56978,"158,874,395",Animation
Star Trek Beyond,122 min,7.0,68        ,237539,"158,848,340",Action
The Longest Yard,113 min,6.4,48        ,170068,"158,119,460",Comedy
X-Men,104 min,7.4,64        ,589774,"157,299,717",Action
Scary Movie,88 min,6.2,48        ,244668,"157,019,771",Comedy            
What Lies Beneath,130 min,6.6,51        ,122085,"155,464,351",Drama
X-Men: Apocalypse,144 min,6.9,52        ,411338,"155,442,489",Action
Snow White and the Huntsman,127 min,6.1,57        ,281302,"155,332,381",Action
San Andreas,114 min,6.1,43        ,225146,"155,190,832",Action
Fast & Furious,107 min,6.6,46        ,275941,"155,064,265",Action
Over the Hedge,83 min,6.7,67        ,167058,"155,019,340",Animation
Fantastic Four,106 min,5.7,40        ,319633,"154,696,080",Action
Horton Hears a Who!,86 min,6.8,71        ,134688,"154,529,439",Animation
Mad Max: Fury Road,120 min,8.1,90        ,932965,"154,058,340",Action
Trolls,92 min,6.5,55        ,76602,"153,707,064",Animation
Scooby-Doo,86 min,5.2,35        ,105775,"153,288,182",Adventure
Cars 3,102 min,6.7,59        ,86240,"152,901,115",Animation
Sex and the City,145 min,5.6,53        ,118886,"152,647,258",Comedy
G.I. Joe: The Rise of Cobra,118 min,5.8,32        ,204971,"152,267,519",Action
La La Land,128 min,8.0,94        ,540910,"151,101,803",Comedy
Divergent,139 min,6.6,48        ,440742,"150,947,895",Action
We're the Millers,110 min,7.0,44        ,424720,"150,394,119",Comedy
Terminator 3: Rise of the Machines,109 min,6.3,66        ,387379,"150,371,112",Action
Daddy's Home,96 min,6.2,42        ,114066,"150,357,137",Comedy
Neighbors,97 min,6.3,68        ,298453,"150,157,400",Comedy            
American Hustle,138 min,7.2,90        ,463377,"150,117,807",Crime
Puss in Boots,90 min,6.6,65        ,151108,"149,260,504",Animation
Sonic the Hedgehog,99 min,6.5,47        ,107271,"148,974,665",Action
Les Misérables,158 min,7.6,63        ,318811,"148,809,770",Drama
Knocked Up,129 min,6.9,85        ,359652,"148,734,225",Comedy
Megamind,95 min,7.3,63        ,242244,"148,415,853",Animation
Little Fockers,98 min,5.5,27        ,109880,"148,383,780",Comedy
Hotel Transylvania,91 min,7.1,47        ,237981,"148,313,048",Animation
Talladega Nights: The Ballad of Ricky Bobby,108 min,6.6,66        ,175681,"148,213,377",Comedy
Gran Torino,116 min,8.1,72        ,744630,"148,095,302",Drama            
War for the Planet of the Apes,140 min,7.4,82        ,240495,"146,880,162",Action
X: First Class,131 min,7.7,65        ,664859,"146,408,305",Action
Lilo & Stitch,92 min,7.3,73        ,178130,"145,794,338",Animation
American Pie 2,108 min,6.4,43        ,247641,"145,103,595",Comedy            
Taken,90 min,7.8,51        ,582274,"145,000,989",Action
The Great Gatsby,143 min,7.2,55        ,506154,"144,840,419",Drama
"I, Robot",115 min,7.1,59        ,516852,"144,801,023",Action
The Fast and the Furious,106 min,6.8,58        ,369192,"144,533,925",Action
Mamma Mia!,108 min,6.4,51        ,228698,"144,130,063",Comedy
Pokémon Detective Pikachu,104 min,6.6,53        ,150813,"144,105,346",Action
Rio,96 min,6.9,63        ,216268,"143,619,809",Animation
Kung Fu Panda 3,95 min,7.1,66        ,145204,"143,528,619",Animation
Juno,96 min,7.4,81        ,504297,"143,495,265",Comedy
Marley & Me,115 min,7.1,53        ,152363,"143,153,751",Comedy
The Meg,113 min,5.6,46        ,161222,"143,005,856",Action
The Smurfs,103 min,5.4,30        ,87216,"142,614,158",Animation
Once Upon a Time... In Hollywood,161 min,7.6,83        ,646189,"142,502,728",Comedy
xXx,124 min,5.9,48        ,176771,"142,109,382",Action
The Chronicles of Narnia: Prince Caspian,150 min,6.5,62        ,202024,"141,621,490",Action
Slumdog Millionaire,120 min,8.0,84        ,819874,"141,319,928",Drama
Shazam!,132 min,7.0,71        ,297856,"140,371,656",Action
Ocean's Eight,110 min,6.3,61        ,202627,"140,218,711",Action
Rush Hour 3,91 min,6.2,44        ,160297,"140,125,968",Action
Taken 2,92 min,6.3,45        ,298166,"139,854,287",Action
The Matrix Revolutions,129 min,6.8,47        ,471351,"139,313,948",Action
The Santa Clause 2,104 min,5.7,48        ,53209,"139,236,327",Comedy
The King's Speech,118 min,8.0,88        ,658161,"138,797,449",Biography
Cheaper by the Dozen,98 min,5.9,46        ,98512,"138,614,544",Comedy
Bad Boys II,147 min,6.6,38        ,240711,"138,608,444",Action
21 Jump Street,109 min,7.2,69        ,529206,"138,447,667",Action
Split,117 min,7.3,62        ,458236,"138,291,365",Horror
A Christmas Carol,96 min,6.8,55        ,107502,"137,855,863",Animation
Dinosaur,82 min,6.5,56        ,57084,"137,748,063",Animation
Ready Player One,140 min,7.4,64        ,400280,"137,690,172",Action
The Conjuring,112 min,7.5,68        ,476082,"137,400,141",Horror
Click,107 min,6.4,45        ,317395,"137,355,633",Comedy
Argo,120 min,7.7,86        ,592273,"136,025,503",Biography
Anger Management,106 min,6.2,52        ,209434,"135,645,823",Comedy            
Chicken Little,81 min,5.7,48        ,89271,"135,386,665",Animation
Ride Along,99 min,6.2,41        ,108772,"134,938,200",Action
Live Free or Die Hard,128 min,7.1,69        ,397352,"134,529,403",Action
The Incredible Hulk,112 min,6.6,61        ,458126,"134,518,390",Action
Wanted,110 min,6.7,64        ,375262,"134,508,551",Action
Identity Thief,111 min,5.7,35        ,129374,"134,506,920",Comedy
Mission: Impossible III,126 min,6.9,66        ,341938,"134,029,801",Action
Grown Ups 2,101 min,5.4,19        ,147037,"133,668,525",Comedy            
Troy,163 min,7.3,56        ,508681,"133,378,256",Drama
Angels & Demons,138 min,6.7,48        ,283411,"133,375,846",Action
Alvin and the Chipmunks: Chipwrecked,87 min,4.3,24        ,33545,"133,110,742",Animation
Bringing Down the House,105 min,5.6,39        ,35866,"132,716,677",Comedy            
The Wolverine,126 min,6.7,61        ,445167,"132,556,852",Action
Wonder,113 min,8.0,66        ,153811,"132,422,809",Drama
The Departed,151 min,8.5,85        ,1246605,"132,384,315",Crime
Hulk,138 min,5.6,54        ,259713,"132,177,234",Action
Silver Linings Playbook,122 min,7.7,81        ,682783,"132,092,958",Comedy
Minority Report,145 min,7.6,80        ,528334,"132,072,926",Action
Fantastic Four: Rise of the Silver Surfer,92 min,5.6,45        ,257446,"131,921,738",Action
The Last Airbender,103 min,4.0,20        ,158768,"131,564,731",Action
Rio 2,101 min,6.3,49        ,85297,"131,538,435",Animation
Lara Croft: Tomb Raider,100 min,5.8,33        ,204469,"131,144,183",Action
Get Smart,110 min,6.5,54        ,210908,"130,319,208",Action
The Divergent Series: Insurgent,119 min,6.2,42        ,227156,"130,179,072",Action
The Peanuts Movie,88 min,7.1,67        ,44192,"130,178,411",Animation
Transformers: The Last Knight,154 min,5.2,27        ,143023,"130,168,683",Action
American Gangster,157 min,7.8,76        ,407853,"130,164,645",Biography
The Ring,115 min,7.1,57        ,334435,"129,128,133",Horror
Borat: Cultural Learnings of America for Make Benefit Glorious Nation of Kazakhstan,84 min,7.3,89        ,391986,"128,505,958",Comedy            
Ghostbusters: Answer the Call,117 min,6.5,60        ,213957,"128,344,089",Action
Kingsman: The Secret Service,129 min,7.7,60        ,619637,"128,261,724",Action
Robots,91 min,6.3,64        ,139368,"128,200,012",Animation
"Crouching Tiger, Hidden Dragon",120 min,7.8,94        ,261421,"128,078,872",Action
Shutter Island,138 min,8.2,63        ,1203809,"128,012,934",Mystery
Into the Woods,125 min,5.9,69        ,136977,"128,002,372",Adventure
Enchanted,107 min,7.0,75        ,188375,"127,807,262",Animation
The Curious Case of Benjamin Button,166 min,7.8,70        ,616752,"127,509,326",Drama
Central Intelligence,107 min,6.3,52        ,170721,"127,440,871",Action
Anchorman 2: The Legend Continues,119 min,6.3,61        ,174771,"127,352,707",Comedy            
Sweet Home Alabama,108 min,6.2,45        ,107716,"127,223,418",Comedy
Bumblebee,114 min,6.7,66        ,151879,"127,195,589",Action
2 Fast 2 Furious,107 min,5.9,38        ,263841,"127,154,901",Action
Super 8,112 min,7.0,72        ,346513,"127,004,179",Mystery
Lucy,89 min,6.4,61        ,469046,"126,663,600",Action
The Legend of Tarzan,110 min,6.2,44        ,170425,"126,643,061",Action
Bee Movie,91 min,6.1,54        ,151712,"126,631,277",Animation
Prometheus,124 min,7.0,64        ,586351,"126,477,084",Adventure
Safe House,115 min,6.7,52        ,215961,"126,373,434",Action
Mr. Deeds,96 min,5.8,24        ,140379,"126,293,452",Comedy
Erin Brockovich,131 min,7.4,73        ,187120,"125,595,205",Biography
Ocean's Twelve,125 min,6.5,58        ,373991,"125,544,280",Crime
Terminator Salvation,115 min,6.5,49        ,351865,"125,322,469",Action
Charlie's Angels,98 min,5.6,52        ,182594,"125,305,545",Action
Lone Survivor,121 min,7.5,60        ,276516,"125,095,601",Action
Sully,96 min,7.4,74        ,254876,"125,070,033",Biography
The Vow,104 min,6.8,43        ,189161,"125,014,030",Drama
Life of Pi,127 min,7.9,79        ,602130,"124,987,023",Adventure
The Fault in Our Stars,126 min,7.7,69        ,358616,"124,872,350",Drama
Cloudy with a Chance of Meatballs,90 min,6.9,66        ,217265,"124,870,275",Animation
The Devil Wears Prada,109 min,6.9,62        ,392072,"124,740,460",Comedy
Something's Gotta Give,128 min,6.7,66        ,116860,"124,728,738",Comedy
Traffic,147 min,7.6,86        ,202279,"124,115,725",Crime
Rango,107 min,7.2,75        ,249838,"123,477,607",Animation
Nutty Professor II: The Klumps,106 min,4.4,38        ,49999,"123,309,890",Comedy
The Good Dinosaur,93 min,6.7,66        ,108587,"123,087,120",Animation
G.I. Joe: Retaliation,110 min,5.8,41        ,178129,"122,523,060",Action
The Bourne Identity,119 min,7.9,68        ,525426,"121,661,683",Action
Superbad,113 min,7.6,76        ,545322,"121,463,226",Comedy            
50 First Dates,99 min,6.8,48        ,340057,"120,908,074",Comedy
Mamma Mia! Here We Go Again,114 min,6.6,60        ,87572,"120,634,935",Comedy
Inglourious Basterds,153 min,8.3,69        ,1340779,"120,540,719",Adventure
Janatha Garage,162 min,7.3,X,6543,"120,500,000",Action
Seabiscuit,140 min,7.3,72        ,70691,"120,277,854",Drama
Van Helsing,131 min,6.1,35        ,255277,"120,177,084",Action
Four Christmases,88 min,5.7,41        ,67878,"120,146,040",Comedy
I Now Pronounce You Chuck & Larry,115 min,5.9,37        ,144261,"120,059,556",Comedy
Cloudy with a Chance of Meatballs 2,95 min,6.4,59        ,96563,"119,793,567",Animation
Walk the Line,136 min,7.8,72        ,242302,"119,519,402",Biography
G-Force,88 min,5.1,41        ,44812,"119,436,770",Animation
The Other Guys,107 min,6.7,64        ,253772,"119,219,978",Action
Fahrenheit 9/11,122 min,7.5,67        ,128315,"119,194,771",Documentary
The Sum of All Fears,124 min,6.4,45        ,111245,"118,907,036",Action
Hairspray,117 min,6.7,81        ,124653,"118,871,849",Comedy
The Break-Up,106 min,5.8,45        ,129325,"118,703,275",Comedy
A Series of Unfortunate Events,108 min,6.8,62        ,202390,"118,627,117",Adventure
Blades of Glory,93 min,6.3,64        ,163463,"118,594,548",Comedy
Salt,100 min,6.4,65        ,305034,"118,311,368",Action
Now You See Me,115 min,7.2,50        ,623330,"117,723,989",Crime
Ford v Ferrari,152 min,8.1,81        ,339501,"117,624,028",Action
Big Momma's House,99 min,5.2,33        ,83452,"117,559,438",Action
Horrible Bosses,98 min,6.8,57        ,433653,"117,538,559",Comedy
The Nun,96 min,5.3,46        ,130957,"117,450,119",Horror
Jackass 3D,94 min,7.0,56        ,59810,"117,224,271",Documentary
Ocean's Thirteen,122 min,6.9,62        ,333314,"117,154,724",Crime
S.W.A.T.,117 min,6.0,45        ,143257,"116,934,650",Action
The Wolf of Wall Street,180 min,8.2,75        ,1275033,"116,900,694",Biography
8 Mile,110 min,7.1,77        ,266645,"116,724,075",Drama
The Butler,132 min,7.2,65        ,112094,"116,632,095",Biography
Green Lantern,114 min,5.5,39        ,276377,"116,601,172",Action
Ghost Rider,110 min,5.3,35        ,230417,"115,802,596",Action
Creed II,130 min,7.1,66        ,115223,"115,715,889",Drama
Remember the Titans,113 min,7.8,48        ,205714,"115,654,751",Biography
District 9,112 min,7.9,81        ,657142,"115,646,235",Action
Unbroken,137 min,7.2,59        ,158367,"115,637,895",Action
Peter Rabbit,95 min,6.6,51        ,39927,"115,253,424",Animation
Girls Trip,122 min,6.2,71        ,36288,"115,171,585",Adventure
Dumbo,112 min,6.3,51        ,71147,"114,766,307",Adventure
Fifty Shades Darker,118 min,4.6,33        ,96912,"114,376,885",Drama
Dodgeball: A True Underdog Story,92 min,6.7,55        ,238472,"114,326,736",Comedy
The Village,108 min,6.5,44        ,252097,"114,197,520",Drama
Bolt,96 min,6.8,67        ,199500,"114,053,579",Animation
Maleficent: Mistress of Evil,119 min,6.6,43        ,95227,"113,929,605",Adventure
Night at the Museum: Secret of the Tomb,98 min,6.2,47        ,114164,"113,746,621",Adventure
Magic Mike,110 min,6.1,72        ,135017,"113,721,571",Comedy
The Patriot,165 min,7.2,63        ,263541,"113,330,342",Action
Bad Moms,100 min,6.2,60        ,119511,"113,257,297",Comedy            
The Bourne Legacy,135 min,6.6,61        ,292947,"113,203,870",Action
The Pacifier,95 min,5.6,30        ,91439,"113,086,868",Action
Dr. Dolittle 2,87 min,4.7,49        ,44363,"112,952,899",Comedy
It's Complicated,120 min,6.5,57        ,89555,"112,735,375",Comedy
Spy Kids,88 min,5.5,71        ,113062,"112,719,001",Action
The Hangover Part III,100 min,5.8,30        ,303342,"112,200,072",Comedy
Spy Kids 3-D: Game Over,84 min,4.3,57        ,57860,"111,761,982",Action
Mr. Peabody & Sherman,92 min,6.8,59        ,66341,"111,506,430",Animation
The Last Samurai,154 min,7.7,55        ,417236,"111,110,575",Action
Glass,129 min,6.6,43        ,225566,"111,048,468",Drama
Spy,120 min,7.0,75        ,237880,"110,825,712",Action
Tropic Thunder,107 min,7.0,71        ,395907,"110,515,313",Action
Godzilla: King of the Monsters,132 min,6.0,48        ,167981,"110,500,138",Action
Valentine's Day,125 min,5.7,34        ,116948,"110,485,654",Comedy
The Grudge,91 min,5.9,49        ,142109,"110,359,362",Horror
Fun with Dick and Jane,90 min,6.2,47        ,141128,"110,332,737",Comedy
Freaky Friday,97 min,6.2,70        ,131815,"110,230,332",Comedy
Trainwreck,125 min,6.2,75        ,133860,"110,212,700",Comedy
Bedtime Stories,99 min,6.0,33        ,91604,"110,101,975",Adventure
Scary Movie 3,84 min,5.5,49        ,142484,"110,003,217",Comedy            
Creed,133 min,7.6,82        ,259644,"109,767,581",Drama
The 40-Year-Old Virgin,116 min,7.1,73        ,414737,"109,449,237",Comedy
Couples Retreat,113 min,5.5,23        ,105198,"109,205,660",Comedy            
Black Hawk Down,144 min,7.7,74        ,378670,"108,638,745",Drama
The Upside,126 min,7.0,46        ,52478,"108,252,517",Comedy
The Princess Diaries,115 min,6.4,52        ,135980,"108,248,956",Comedy
Little Women,135 min,7.8,91        ,168642,"108,101,214",Drama
Hop,95 min,5.4,41        ,33018,"108,085,305",Animation
Paranormal Activity,86 min,6.3,68        ,229247,"107,918,810",Horror
Baby Driver,113 min,7.6,86        ,481563,"107,825,862",Action
Epic,102 min,6.7,52        ,102764,"107,518,682",Animation
Watchmen,162 min,7.6,56        ,527973,"107,509,799",Action
Angry Birds,97 min,6.3,43        ,86352,"107,509,366",Animation
Captain Phillips,134 min,7.8,82        ,439480,"107,100,855",Adventure
Black Swan,108 min,8.0,79        ,726854,"106,954,678",Drama
Chicken Run,84 min,7.0,88        ,183774,"106,834,564",Animation
Miss Congeniality,109 min,6.3,43        ,197772,"106,807,667",Action
300: Rise of an Empire,102 min,6.2,48        ,289508,"106,580,051",Action
The Italian Job,111 min,7.0,68        ,354328,"106,128,601",Action
How to Lose a Guy in 10 Days,116 min,6.4,45        ,223048,"105,813,373",Comedy
The Lego Movie 2: The Second Part,107 min,6.6,65        ,60682,"105,806,508",Animation
Robin Hood,140 min,6.6,53        ,260729,"105,269,730",Action
Pitch Perfect 3,93 min,5.8,40        ,60217,"104,897,530",Comedy
American Wedding,96 min,6.3,43        ,200443,"104,565,114",Comedy            
Road to Perdition,117 min,7.7,72        ,257930,"104,454,762",Crime
The Princess and the Frog,97 min,7.1,73        ,133119,"104,400,899",Animation
The Chronicles of Narnia: The Voyage of the Dawn Treader,113 min,6.3,53        ,147780,"104,386,950",Adventure
Daddy Day Care,92 min,5.6,39        ,66371,"104,297,061",Comedy
Daddy's Home 2,100 min,6.0,30        ,67156,"104,029,443",Comedy            
Paranormal Activity 3,83 min,5.8,59        ,92707,"104,007,828",Horror
Journey 2: The Mysterious Island,94 min,5.8,41        ,98436,"103,860,290",Action
The Mule,116 min,7.0,58        ,127152,"103,804,407",Crime
Rise of the Guardians,97 min,7.3,58        ,164467,"103,412,758",Animation
Dreamgirls,130 min,6.5,76        ,71911,"103,365,956",Drama
Independence Day: Resurgence,120 min,5.2,32        ,173234,"103,144,286",Action
The Expendables,103 min,6.5,45        ,335501,"103,068,524",Action
Just Go with It,117 min,6.4,33        ,231293,"103,028,109",Comedy
Murder on the Orient Express,114 min,6.5,52        ,225373,"102,826,543",Crime
The Aviator,170 min,7.5,77        ,347091,"102,608,827",Biography
Daredevil,103 min,5.3,42        ,213277,"102,543,520",Action
The Girl with the Dragon Tattoo,158 min,7.8,71        ,442285,"102,515,793",Crime
The Mummy: Tomb of the Dragon Emperor,112 min,5.2,31        ,155852,"102,491,776",Action
The Conjuring 2,134 min,7.3,65        ,250519,"102,470,008",Horror
The Maze Runner,113 min,6.8,57        ,439322,"102,427,862",Action
Annabelle: Creation,109 min,6.5,62        ,124097,"102,092,201",Horror
The Equalizer 2,121 min,6.7,50        ,146454,"102,084,362",Action
Bad Grandpa,92 min,6.5,54        ,91802,"102,003,019",Comedy            
Pacific Rim,131 min,6.9,65        ,481592,"101,802,906",Action
Journey to the Center of the Earth,93 min,5.8,57        ,118059,"101,704,370",Action
Gone in 60 Seconds,118 min,6.5,35        ,268852,"101,648,571",Action
The Equalizer,132 min,7.2,57        ,351895,"101,530,738",Action
This Is the End,107 min,6.6,67        ,396598,"101,470,202",Comedy            
Noah,138 min,5.7,68        ,249364,"101,200,044",Action
The Cat in the Hat,82 min,4.0,19        ,80025,"101,149,285",Adventure
Eagle Eye,118 min,6.6,43        ,182479,"101,111,837",Action
Rampage,107 min,6.1,45        ,155664,"101,028,233",Action
Collateral,120 min,7.5,71        ,380909,"101,005,703",Crime
Charlie's Angels: Full Throttle,106 min,4.9,48        ,125231,"100,830,111",Action
Vanilla Sky,136 min,6.9,45        ,256409,"100,614,858",Fantasy
Arrival,116 min,7.9,81        ,640392,"100,546,139",Drama
Due Date,95 min,6.5,51        ,333384,"100,539,043",Comedy
Million Dollar Baby,132 min,8.1,86        ,660108,"100,492,203",Drama
A Wrinkle in Time,109 min,4.2,53        ,43312,"100,478,608",Adventure
Step Brothers,98 min,6.9,51        ,279704,"100,468,793",Comedy            
Evan Almighty,96 min,5.4,37        ,143499,"100,462,298",Comedy
Fifty Shades Freed,105 min,4.5,31        ,60756,"100,407,760",Drama
Bad Teacher,92 min,5.6,47        ,198572,"100,292,856",Comedy
Yogi Bear,80 min,4.6,35        ,21309,"100,246,011",Animation
Cowboys & Aliens,119 min,6.0,50        ,214622,"100,240,551",Action
Kingsman: The Golden Circle,141 min,6.7,44        ,294320,"100,234,838",Action
Edge of Tomorrow,113 min,7.9,71        ,634625,"100,206,256",Action
The Addams Family,86 min,5.8,46        ,34288,"100,044,905",Animation
You Don't Mess with the Zohan,113 min,5.5,54        ,196276,"100,018,837",Comedy            
Passengers,116 min,7.0,41        ,374595,"100,014,699",Drama
Gnomeo & Juliet,84 min,5.9,53        ,54281,"99,967,670",Animation
Christopher Robin,104 min,7.3,60        ,73427,"99,215,042",Animation
Olympus Has Fallen,119 min,6.5,41        ,266685,"98,925,640",Action
The Green Hornet,119 min,5.8,39        ,158309,"98,780,042",Action
Date Night,88 min,6.3,56        ,157380,"98,711,404",Comedy
Meet the Robinsons,95 min,6.8,61        ,93216,"97,822,171",Animation
Yes Man,104 min,6.8,46        ,348064,"97,690,976",Comedy
Sausage Party,89 min,6.1,66        ,184669,"97,685,686",Animation
Public Enemies,140 min,7.0,70        ,291053,"97,104,620",Action
The Social Network,120 min,7.7,95        ,657802,"96,962,694",Biography
Downton Abbey,122 min,7.4,64        ,46582,"96,854,135",Drama
The Others,104 min,7.6,74        ,352154,"96,522,687",Horror
Legally Blonde,96 min,6.4,59        ,201190,"96,520,674",Comedy
Panic Room,112 min,6.8,65        ,269997,"96,397,334",Crime
Rocketman,121 min,7.3,69        ,159574,"96,368,160",Biography
Zero Dark Thirty,157 min,7.4,95        ,286391,"95,720,716",Drama
Norbit,102 min,4.1,27        ,71997,"95,673,607",Comedy
Cold Mountain,154 min,7.2,73        ,144296,"95,636,509",Adventure
Sex and the City 2,146 min,4.5,27        ,76780,"95,347,692",Comedy
The Princess Diaries 2: Royal Engagement,113 min,5.8,43        ,77555,"95,170,481",Comedy
Unbreakable,106 min,7.3,62        ,402297,"95,011,339",Drama
42,128 min,7.5,62        ,90735,"95,001,343",Biography
The Book of Eli,118 min,6.9,53        ,304890,"94,835,059",Action
"10,000 BC",109 min,5.1,34        ,128207,"94,784,201",Action
Beverly Hills Chihuahua,91 min,3.8,41        ,23739,"94,514,402",Adventure
Julie & Julia,123 min,7.0,66        ,114041,"94,125,426",Biography
Maid in Manhattan,105 min,5.3,45        ,86979,"94,011,225",Comedy
He's Just Not That Into You,129 min,6.4,47        ,167204,"93,953,653",Comedy
Master and Commander: The Far Side of the World,138 min,7.4,81        ,212182,"93,927,920",Action
Flight,138 min,7.3,76        ,339180,"93,772,375",Drama
The Fighter,116 min,7.8,79        ,352493,"93,617,009",Biography
America's Sweethearts,102 min,5.7,44        ,57033,"93,607,673",Comedy
The Bucket List,97 min,7.4,42        ,238367,"93,466,502",Adventure
Tomorrowland,130 min,6.4,60        ,177739,"93,436,322",Action
The Magnificent Seven,132 min,6.9,54        ,200337,"93,432,655",Action
Cats & Dogs,87 min,5.1,47        ,58325,"93,385,515",Action
Space Station 3D,47 min,7.4,69        ,1664,"93,374,295",Documentary            
Two Weeks Notice,101 min,6.2,42        ,113721,"93,354,851",Comedy
Red Dragon,124 min,7.2,60        ,262908,"93,149,898",Crime
Elysium,109 min,6.6,61        ,432623,"93,050,117",Action
The Town,125 min,7.5,74        ,369509,"92,186,262",Crime
Non-Stop,106 min,6.9,56        ,257699,"92,168,600",Action
Blade Runner 2049,164 min,8.0,81        ,506481,"92,054,159",Action
John Wick: Chapter 2,122 min,7.5,75        ,396882,"92,029,184",Action
Think Like a Man,122 min,6.5,51        ,45622,"91,547,205",Comedy
Heaven Is for Real,99 min,5.8,47        ,26574,"91,443,253",Biography
Ride Along 2,102 min,5.9,32        ,56083,"91,221,830",Action
The Imitation Game,114 min,8.0,71        ,721173,"91,125,683",Biography
Save the Last Dance,112 min,6.2,53        ,59804,"91,057,006",Drama
The Scorpion King,92 min,5.5,45        ,134664,"91,047,077",Action
Prince of Persia: The Sands of Time,116 min,6.6,50        ,280304,"90,759,676",Action
Scary Movie 4,83 min,5.1,40        ,117576,"90,710,620",Comedy            
The Game Plan,110 min,6.1,44        ,62199,"90,648,202",Comedy
"Me, Myself & Irene",116 min,6.6,49        ,230526,"90,570,999",Comedy            
High School Musical 3: Senior Year,112 min,4.9,57        ,60483,"90,559,416",Comedy
Madea Goes to Jail,103 min,4.5,50        ,11829,"90,485,233",Comedy
Space Cowboys,130 min,6.5,73        ,78442,"90,464,773",Action
Get Hard,100 min,6.0,34        ,129609,"90,411,453",Comedy
RED,111 min,7.0,60        ,299418,"90,380,162",Action
Planes,91 min,5.7,39        ,43852,"90,288,712",Animation
Legally Blonde 2,95 min,4.8,47        ,64354,"90,186,328",Comedy            
Mystic River,138 min,7.9,84        ,438549,"90,135,191",Crime
Terminator Genisys,126 min,6.3,38        ,268440,"89,760,956",Action
Flightplan,98 min,6.3,53        ,157508,"89,707,299",Drama
The Emperor's New Groove,78 min,7.4,70        ,190853,"89,302,687",Animation
The Lone Ranger,150 min,6.4,37        ,227829,"89,302,115",Action
Taken 3,108 min,6.0,26        ,185925,"89,256,424",Action
Don't Breathe,88 min,7.1,71        ,253543,"89,217,875",Crime
Scream 3,116 min,5.6,56        ,129892,"89,138,076",Horror
Oblivion,124 min,7.0,54        ,503282,"89,021,735",Action
The Ugly Truth,96 min,6.4,28        ,211383,"88,915,214",Comedy
Percy Jackson & the Olympians: The Lightning Thief,118 min,5.9,47        ,182863,"88,761,720",Adventure
Failure to Launch,97 min,5.6,47        ,77713,"88,715,192",Comedy
The Muppets,103 min,7.1,75        ,90129,"88,631,237",Adventure
Inside Man,129 min,7.6,76        ,355311,"88,513,495",Crime
Starsky & Hutch,101 min,6.1,55        ,143205,"88,237,754",Comedy
Along Came Polly,90 min,6.0,44        ,131948,"88,097,164",Comedy
Pineapple Express,111 min,6.9,64        ,326827,"87,341,380",Action
Miss Peregrine's Home for Peculiar Children,127 min,6.7,57        ,163756,"87,242,834",Adventure
Sisters,118 min,6.0,58        ,65114,"87,044,645",Comedy            
Saw II,93 min,6.6,40        ,243057,"87,039,965",Horror
The Campaign,85 min,6.1,50        ,127965,"86,907,746",Comedy            
The Accountant,128 min,7.3,51        ,278779,"86,260,045",Action
Dumb and Dumber to,109 min,5.6,36        ,133283,"86,208,010",Comedy            
The Emoji Movie,86 min,3.3,12        ,60508,"86,089,513",Animation
Mean Girls,97 min,7.0,66        ,357374,"86,058,055",Comedy            
Annie,118 min,5.3,33        ,36406,"85,911,262",Comedy
Alvin and the Chipmunks: The Road Chip,92 min,5.0,33        ,18416,"85,886,987",Animation
Spy Kids 2: Island of Lost Dreams,100 min,5.2,66        ,64976,"85,846,429",Action
Fury,134 min,7.6,64        ,452949,"85,817,906",Action
Alita: Battle Angel,122 min,7.3,53        ,248655,"85,710,210",Action
Real Steel,127 min,7.0,56        ,311936,"85,468,508",Action
The SpongeBob SquarePants Movie,87 min,7.1,66        ,85328,"85,417,988",Animation
Power Rangers,124 min,5.9,44        ,105130,"85,364,450",Action
Brother Bear,85 min,6.8,48        ,103471,"85,336,277",Animation
Anchorman: The Legend of Ron Burgundy,94 min,7.2,63        ,341268,"85,288,303",Comedy            
Open Season,86 min,6.1,49        ,91449,"85,105,259",Animation
Green Book,130 min,8.2,69        ,431179,"85,080,171",Biography
The Expendables 2,103 min,6.6,51        ,299634,"85,017,401",Action
Paranormal Activity 2,91 min,5.7,53        ,101450,"84,752,907",Horror
Tammy,97 min,4.9,39        ,50274,"84,525,432",Comedy
The Santa Clause 3: The Escape Clause,92 min,4.8,32        ,35023,"84,500,122",Adventure
Ferdinand,108 min,6.8,58        ,53041,"84,410,380",Animation
Dolphins,39 min,7.2,X,497,"84,400,000",Documentary
"Crazy, Stupid, Love.",118 min,7.4,68        ,493678,"84,351,197",Comedy
Annabelle,99 min,5.4,37        ,150917,"84,273,813",Horror
Scooby-Doo 2: Monsters Unleashed,93 min,5.1,34        ,53750,"84,216,833",Adventure
Birds of Prey,109 min,6.1,60        ,212026,"84,158,461",Action
Atlantis: The Lost Empire,95 min,6.9,52        ,111738,"84,052,762",Animation
The Other Woman,109 min,6.0,39        ,135515,"83,911,193",Comedy
Up in the Air,109 min,7.4,83        ,327054,"83,823,381",Comedy
Wrath of the Titans,99 min,5.7,37        ,185594,"83,670,083",Action
Insidious: Chapter 2,106 min,6.6,40        ,163353,"83,586,447",Horror
Battle Los Angeles,116 min,5.7,37        ,177495,"83,552,429",Action
Immortals,110 min,6.0,46        ,164791,"83,504,017",Action
I Can Only Imagine,110 min,7.4,30        ,15457,"83,482,352",Biography
Penguins of Madagascar,92 min,6.7,53        ,85281,"83,348,920",Animation
Saving Mr. Banks,125 min,7.5,65        ,156996,"83,301,580",Biography
Smallfoot,96 min,6.6,60        ,37121,"83,240,103",Animation
Valkyrie,121 min,7.1,56        ,235469,"83,077,833",Drama
Brokeback Mountain,134 min,7.7,87        ,339800,"83,043,761",Drama
Turbo,96 min,6.4,58        ,90734,"83,028,128",Animation
Charlotte's Web,97 min,6.3,68        ,39792,"82,985,708",Adventure
Monster-in-Law,101 min,5.6,31        ,58959,"82,931,301",Comedy
Are We There Yet?,95 min,4.7,27        ,31020,"82,674,398",Adventure
Freddy vs. Jason,97 min,5.7,37        ,115276,"82,622,655",Action
The Descendants,115 min,7.3,84        ,237180,"82,584,160",Comedy
Cheaper by the Dozen 2,94 min,5.5,34        ,56966,"82,571,173",Adventure
Let's Be Cops,104 min,6.4,30        ,130789,"82,390,774",Action
Blade II,117 min,6.7,52        ,208321,"82,348,319",Action
Bridge to Terabithia,96 min,7.2,74        ,149624,"82,272,442",Drama
The Pink Panther,93 min,5.7,38        ,84308,"82,226,474",Adventure
Beowulf,115 min,6.2,59        ,165230,"82,161,969",Animation
Teenage Mutant Ninja Turtles: Out of the Shadows,112 min,6.0,40        ,88507,"82,051,601",Action
The Post,116 min,7.2,83        ,143995,"81,903,458",Drama            
Maze Runner: The Scorch Trials,131 min,6.3,43        ,235319,"81,697,192",Action
Eight Below,120 min,7.3,64        ,63209,"81,612,565",Adventure
Unstoppable,98 min,6.8,69        ,191619,"81,562,942",Action
Ted 2,115 min,6.3,48        ,195802,"81,476,385",Comedy            
School of Rock,109 min,7.1,82        ,292389,"81,261,177",Comedy
Snow Dogs,99 min,5.2,29        ,26235,"81,172,560",Adventure
21,123 min,6.8,48        ,239055,"81,159,365",Crime
The Notebook,123 min,7.8,53        ,542836,"81,001,787",Drama
Jimmy Neutron: Boy Genius,82 min,6.0,65        ,32805,"80,936,232",Animation
Eat Pray Love,133 min,5.8,50        ,93362,"80,574,010",Biography
The Texas Chainsaw Massacre,98 min,6.2,38        ,135862,"80,571,655",Crime
Hustlers,110 min,6.3,79        ,91523,"80,553,967",Comedy
Zookeeper,102 min,5.2,30        ,59534,"80,360,843",Comedy
Alien vs. Predator,101 min,5.6,29        ,191133,"80,282,231",Action
What Happens in Vegas,99 min,6.1,36        ,170174,"80,277,646",Comedy
The Dukes of Hazzard,104 min,5.1,33        ,77429,"80,270,227",Comedy            
Saw III,108 min,6.2,48        ,186549,"80,238,724",Crime
Disturbia,105 min,6.8,62        ,229636,"80,209,692",Crime
Nacho Libre,92 min,5.8,52        ,84891,"80,197,993",Comedy
Jumper,88 min,6.1,35        ,296444,"80,172,128",Action
The Mummy,110 min,5.4,34        ,179957,"80,101,125",Action
Goosebumps,103 min,6.3,60        ,84911,"80,080,379",Adventure
Jack Reacher,130 min,7.0,50        ,322215,"80,070,736",Action
Cloverfield,85 min,7.0,64        ,384424,"80,048,433",Action
Dear John,108 min,6.3,43        ,144011,"80,014,842",Drama
Men in Black: International,114 min,5.6,38        ,123883,"80,001,807",Action
Knowing,121 min,6.2,41        ,227612,"79,957,634",Action
War Horse,146 min,7.2,72        ,152383,"79,884,879",Action
Dark Shadows,113 min,6.2,55        ,256045,"79,727,149",Comedy
Hannah Montana: The Movie,102 min,4.6,47        ,41282,"79,566,871",Comedy
The Day the Earth Stood Still,104 min,5.5,40        ,167063,"79,366,978",Drama
Limitless,105 min,7.4,59        ,546823,"79,249,455",Sci-Fi
The Purge: Election Year,108 min,6.0,55        ,95880,"79,213,375",Action
Pixels,105 min,5.5,27        ,137580,"78,747,585",Animation
A.I. Artificial Intelligence,146 min,7.2,65        ,299051,"78,616,689",Drama
We Were Soldiers,138 min,7.2,65        ,135753,"78,122,718",Action
Tower Heist,104 min,6.2,59        ,138843,"78,046,570",Action
The Monuments Men,118 min,6.1,52        ,128562,"78,031,620",Comedy
Man on Fire,146 min,7.7,47        ,346441,"77,911,774",Action
The Terminal,128 min,7.4,55        ,430534,"77,872,883",Comedy
Gangs of New York,167 min,7.5,72        ,421982,"77,812,000",Crime
The Adventures of Tintin,107 min,7.3,68        ,223846,"77,591,831",Animation
March of the Penguins,80 min,7.5,79        ,57214,"77,437,223",Documentary
Night School,111 min,5.6,43        ,38811,"77,339,130",Comedy            
Parental Guidance,105 min,6.0,36        ,25507,"77,267,296",Comedy
Where the Wild Things Are,101 min,6.7,71        ,102980,"77,233,467",Adventure
The A-Team,117 min,6.7,47        ,252729,"77,222,099",Action
U-571,116 min,6.6,62        ,80504,"77,086,030",Action
Dolittle,101 min,5.6,26        ,55690,"77,047,065",Adventure
Alice Through the Looking Glass,113 min,6.2,34        ,100649,"77,042,381",Adventure
27 Dresses,111 min,6.1,47        ,159142,"76,808,654",Comedy
Training Day,122 min,7.7,69        ,411462,"76,631,907",Crime
Rugrats in Paris,78 min,6.2,62        ,12031,"76,507,756",Animation
Knight and Day,109 min,6.3,46        ,187255,"76,423,035",Action
Paddington,95 min,7.3,77        ,105812,"76,271,832",Animation
Pete's Dragon,102 min,6.7,71        ,56484,"76,233,151",Action
The Ring Two,110 min,5.4,44        ,94057,"76,231,249",Horror
Constantine,121 min,7.0,50        ,323593,"75,976,178",Action
The Haunted Mansion,88 min,5.1,34        ,46846,"75,847,266",Comedy
The Family Man,125 min,6.8,42        ,106703,"75,793,305",Comedy
Barbershop,102 min,6.3,66        ,30616,"75,782,105",Comedy
The Intern,121 min,7.1,51        ,237779,"75,764,672",Comedy
Hellboy II: The Golden Army,120 min,7.0,78        ,263089,"75,754,670",Action
Contagion,106 min,6.8,70        ,293741,"75,658,097",Drama
"You, Me and Dupree",110 min,5.6,46        ,80201,"75,628,110",Comedy
We Bought a Zoo,124 min,7.1,58        ,139503,"75,624,550",Comedy
2 Guns,109 min,6.7,55        ,204544,"75,612,460",Action
Moneyball,133 min,7.6,87        ,393522,"75,605,492",Biography
The Rookie,127 min,6.9,72        ,33835,"75,600,072",Drama
Zombieland,88 min,7.6,73        ,544817,"75,590,286",Adventure
Old School,88 min,7.1,54        ,223274,"75,585,093",Comedy            
The Hitman's Bodyguard,118 min,6.9,47        ,214251,"75,468,583",Action
The Girl on the Train,112 min,6.5,48        ,179270,"75,395,035",Crime
Garfield,80 min,5.0,27        ,83113,"75,369,589",Animation
Ray,152 min,7.7,73        ,143329,"75,331,600",Biography
Coraline,100 min,7.7,80        ,210248,"75,286,229",Animation
The Exorcism of Emily Rose,119 min,6.7,46        ,124746,"75,072,454",Drama
Eragon,104 min,5.1,38        ,124379,"75,030,163",Action
Ladder 49,115 min,6.5,47        ,57164,"74,541,707",Action
Four Brothers,109 min,6.8,49        ,140294,"74,494,381",Action
No Country for Old Men,122 min,8.1,91        ,905882,"74,283,625",Crime
Alien: Covenant,122 min,6.4,65        ,266887,"74,262,031",Horror
Jack and Jill,91 min,3.3,23        ,81490,"74,158,157",Comedy            
Annabelle Comes Home,106 min,5.9,53        ,68110,"74,152,591",Horror
Sin City,124 min,8.0,74        ,751176,"74,103,820",Crime
Along Came a Spider,104 min,6.4,42        ,81655,"74,078,174",Drama
Captain Underpants: The First Epic Movie,89 min,6.2,69        ,26721,"73,921,000",Animation
Hugo,126 min,7.5,83        ,313875,"73,864,507",Drama
Christmas with the Kranks,99 min,5.4,22        ,45769,"73,780,539",Comedy
Monster House,91 min,6.6,68        ,109647,"73,661,010",Animation
Law Abiding Citizen,109 min,7.4,34        ,283341,"73,343,413",Action
Yesterday,116 min,6.8,55        ,139072,"73,286,650",Comedy
Spirit: Stallion of the Cimarron,83 min,7.2,52        ,71622,"73,280,117",Animation
Tyler Perry's a Madea Family Funeral,109 min,4.5,39        ,4195,"73,257,045",Comedy
Hollow Man,112 min,5.8,24        ,127757,"73,209,340",Action
Boo! A Madea Halloween,103 min,4.6,30        ,8188,"73,159,525",Comedy
White House Down,131 min,6.3,52        ,213928,"73,103,784",Action
John Carter,132 min,6.6,51        ,263538,"73,078,100",Action
Hotel for Dogs,100 min,5.4,51        ,22741,"73,034,460",Comedy
Dinner for Schmucks,114 min,5.9,56        ,104138,"73,026,337",Comedy            
Justin Bieber: Never Say Never,105 min,1.6,52        ,76155,"73,013,910",Documentary
Barnyard,90 min,5.6,42        ,29598,"72,779,000",Animation
Jackass Number Two,92 min,7.0,66        ,69808,"72,778,712",Documentary
The Interpreter,128 min,6.4,62        ,103448,"72,708,161",Crime
Hercules,98 min,6.0,47        ,151349,"72,688,614",Action
Storks,87 min,6.8,56        ,59437,"72,679,278",Animation
Bridge of Spies,142 min,7.6,81        ,299899,"72,313,754",Drama
Dolphin Tale,113 min,6.8,64        ,23472,"72,286,779",Drama
Vantage Point,90 min,6.6,40        ,147922,"72,266,306",Action
A Bad Moms Christmas,104 min,5.6,42        ,47277,"72,110,659",Comedy            
This Is It,111 min,7.2,67        ,39735,"72,091,016",Documentary
10 Cloverfield Lane,103 min,7.2,76        ,306858,"72,082,998",Action
Fred Claus,116 min,5.6,42        ,41642,"72,006,777",Comedy
1408,104 min,6.8,64        ,263123,"71,985,628",Fantasy
The Purge: Anarchy,103 min,6.4,50        ,146523,"71,962,800",Action
John Q,116 min,7.1,30        ,128945,"71,756,802",Crime
RV,99 min,5.5,33        ,58312,"71,726,025",Adventure
Mama,100 min,6.2,57        ,175052,"71,628,180",Fantasy
Bridget Jones's Diary,97 min,6.7,66        ,234901,"71,543,427",Comedy
Chocolat,121 min,7.2,64        ,184585,"71,509,363",Drama
Sideways,127 min,7.5,94        ,185721,"71,503,593",Comedy
"I Love You, Man",105 min,7.0,70        ,199339,"71,440,011",Comedy
Safe Haven,115 min,6.7,34        ,107945,"71,349,120",Drama
Scary Movie 2,83 min,5.3,29        ,155555,"71,308,997",Comedy            
The Spiderwick Chronicles,96 min,6.5,62        ,92294,"71,195,053",Action
The Score,124 min,6.8,71        ,125222,"71,069,884",Action
Paul Blart: Mall Cop 2,94 min,4.4,13        ,36096,"71,038,190",Action
The Smurfs 2,105 min,5.3,34        ,40267,"71,017,784",Animation
Shallow Hal,114 min,5.9,48        ,130742,"70,836,296",Comedy
White Chicks,109 min,5.7,41        ,138114,"70,831,760",Comedy
No Strings Attached,108 min,6.2,50        ,221784,"70,662,220",Comedy
The Best Man Holiday,123 min,6.7,59        ,15391,"70,525,195",Comedy
V for Vendetta,132 min,8.1,62        ,1070029,"70,511,035",Action
The Invisible Man,124 min,7.1,72        ,195518,"70,410,000",Drama
Shaft,99 min,6.0,50        ,75632,"70,334,258",Action
World Trade Center,129 min,5.9,66        ,81928,"70,278,893",Drama
Rocky Balboa,102 min,7.1,63        ,210230,"70,270,943",Action
The Big Short,130 min,7.8,81        ,393320,"70,259,870",Biography
Fool's Gold,112 min,5.7,29        ,76742,"70,231,041",Action
Big Momma's House 2,99 min,4.8,34        ,42326,"70,165,972",Comedy
The Golden Compass,113 min,6.1,51        ,183662,"70,107,728",Adventure
Kill Bill: Vol. 1,111 min,8.1,69        ,1051197,"70,099,045",Action
Act of Valor,110 min,6.5,40        ,67983,"70,012,847",Action
Seven Pounds,123 min,7.6,36        ,294609,"69,951,824",Drama            
Swordfish,99 min,6.5,32        ,182162,"69,772,969",Action
The Kid,104 min,6.1,45        ,41433,"69,691,949",Comedy
Divine Secrets of the Ya-Ya Sisterhood,116 min,6.1,48        ,19048,"69,599,016",Drama            
The First Purge,97 min,5.2,54        ,60363,"69,488,745",Action
Vertical Limit,124 min,5.9,48        ,60381,"69,243,859",Action
Game Night,100 min,6.9,66        ,220886,"69,179,066",Action
Good Boys,90 min,6.7,X,69242,"69,056,735",Adventure
Guess Who,105 min,5.9,49        ,41713,"68,915,888",Comedy
Sahara,124 min,6.0,41        ,95607,"68,671,925",Action
Book Club,104 min,6.1,53        ,27047,"68,566,296",Comedy
Percy Jackson: Sea of Monsters,106 min,5.8,39        ,114280,"68,559,554",Adventure
The House with a Clock in Its Walls,105 min,6.1,57        ,49186,"68,549,695",Comedy
Road Trip,93 min,6.4,55        ,163796,"68,540,777",Comedy            
Skyscraper,102 min,5.8,51        ,115081,"68,420,120",Action
Bring It on,98 min,6.1,52        ,92268,"68,379,000",Comedy
National Theatre Live: The Curious Incident of the Dog in the Night-Time,160 min,8.5,X,331,"68,321,433",Drama            
Obsessed,108 min,5.0,25        ,31375,"68,261,644",Drama
Mr. Popper's Penguins,94 min,6.0,53        ,92379,"68,224,452",Comedy
War Room,120 min,6.5,26        ,14409,"67,790,117",Drama            
Insidious: The Last Key,103 min,5.7,49        ,56813,"67,745,330",Horror
The Tourist,103 min,6.0,37        ,233409,"67,631,157",Action
This Is 40,134 min,6.2,59        ,133885,"67,544,505",Comedy
Holes,117 min,7.0,71        ,82822,"67,406,573",Adventure
Instant Family,118 min,7.3,57        ,99855,"67,363,237",Comedy
Insomnia,118 min,7.2,78        ,285265,"67,355,513",Drama
A Good Day to Die Hard,98 min,5.3,28        ,202731,"67,349,198",Action
Role Models,99 min,6.8,61        ,225610,"67,294,270",Comedy            
Hidalgo,136 min,6.7,54        ,79759,"67,286,731",Action
Lights Out,81 min,6.3,58        ,122596,"67,268,835",Drama
Coach Carter,136 min,7.3,57        ,137038,"67,264,877",Biography
Hacksaw Ridge,139 min,8.1,71        ,471505,"67,209,615",Biography
Race to Witch Mountain,98 min,5.7,52        ,57982,"67,172,594",Action
Angel Has Fallen,121 min,6.4,45        ,89438,"67,162,153",Action
The Bounty Hunter,110 min,5.6,22        ,124750,"67,061,228",Action
102 Dalmatians,100 min,4.9,35        ,36521,"66,957,026",Adventure
"Alexander and the Terrible, Horrible, No Good, Very Bad Day",81 min,6.2,54        ,42761,"66,954,149",Comedy
Kangaroo Jack,89 min,4.4,16        ,30866,"66,934,963",Action
Changing Lanes,98 min,6.5,69        ,70298,"66,818,548",Drama
The Mexican,123 min,6.1,43        ,106378,"66,808,615",Adventure
Charlie Wilson's War,102 min,7.0,67        ,114825,"66,661,095",Biography
The Forgotten,91 min,5.8,43        ,65192,"66,641,205",Drama
Contraband,109 min,6.4,51        ,120244,"66,528,000",Action
Looper,113 min,7.4,84        ,552153,"66,486,205",Action
The Final Destination,82 min,5.2,30        ,101424,"66,477,700",Action
The League of Extraordinary Gentlemen,110 min,5.8,30        ,172471,"66,465,204",Action
Finding Forrester,136 min,7.3,62        ,84926,"66,400,000",Drama            
Warm Bodies,98 min,6.8,60        ,225432,"66,380,662",Comedy
Big Fish,125 min,8.0,58        ,428406,"66,257,002",Adventure
Kill Bill: Vol. 2,137 min,8.0,83        ,716894,"66,208,183",Action
Allegiant,120 min,5.7,33        ,115470,"66,184,051",Action
Herbie Fully Loaded,101 min,4.8,47        ,46675,"66,023,816",Adventure
Magic Mike XXL,115 min,5.6,60        ,54307,"66,013,057",Comedy
The Manchurian Candidate,129 min,6.6,76        ,108174,"65,955,630",Drama
X-Men: Dark Phoenix,113 min,5.7,43        ,171199,"65,845,974",Action
Lara Croft Tomb Raider: The Cradle of Life,117 min,5.6,43        ,135254,"65,660,196",Action
Madea's Witness Protection,114 min,4.9,42        ,10572,"65,653,242",Comedy
The Taking of Pelham 123,106 min,6.4,55        ,192055,"65,452,312",Action
Battleship,131 min,5.8,41        ,242020,"65,422,625",Action
Step Up,104 min,6.5,48        ,114545,"65,328,121",Crime
Hannah Montana and Miley Cyrus: Best of Both Worlds Concert,74 min,2.6,59        ,11973,"65,281,781",Documentary
The Amityville Horror,90 min,6.0,33        ,109291,"65,233,369",Horror            
The Visit,94 min,6.2,55        ,123059,"65,206,105",Horror
Jack the Giant Slayer,114 min,6.2,51        ,135043,"65,187,603",Animation
Think Like a Man Too,106 min,5.8,38        ,20493,"65,182,182",Comedy
Barbershop 2: Back in Business,106 min,5.7,59        ,14661,"65,111,277",Comedy
Now You See Me 2,129 min,6.5,46        ,267225,"65,075,540",Action
About Schmidt,125 min,7.1,85        ,126605,"65,016,287",Comedy
Exodus: Gods and Kings,150 min,6.0,52        ,164125,"65,014,513",Action
Friday the 13th,97 min,5.5,34        ,102812,"65,002,019",Horror
Pitch Perfect,112 min,7.1,66        ,290738,"65,001,093",Comedy
Stuart Little 2,77 min,5.5,66        ,52540,"64,956,806",Animation
Mirror Mirror,106 min,5.6,46        ,86262,"64,935,167",Adventure
Flushed Away,85 min,6.6,74        ,119343,"64,665,672",Animation
Chronicle,84 min,7.0,69        ,245311,"64,575,175",Action
A Dog's Purpose,100 min,7.2,43        ,69123,"64,508,620",Adventure
The Happening,91 min,5.0,34        ,201854,"64,506,874",Drama
The Purge,85 min,5.7,41        ,213542,"64,473,115",Horror
The Wedding Ringer,101 min,6.6,35        ,73627,"64,460,211",Comedy            
Miracle,135 min,7.5,68        ,51899,"64,378,093",Biography
Jackass: The Movie,87 min,6.6,42        ,86432,"64,255,312",Documentary
The Nut Job,85 min,5.7,37        ,27694,"64,251,541",Animation
Down to Earth,87 min,5.5,32        ,23468,"64,186,502",Comedy
17 Again,102 min,6.4,48        ,190289,"64,167,069",Comedy
Ice Age: Collision Course,94 min,5.7,34        ,61351,"64,063,008",Animation
Deja Vu,126 min,7.1,59        ,301558,"64,038,616",Action
Happy Feet Two,100 min,5.9,50        ,43415,"64,006,466",Animation
Diary of a Wimpy Kid,120 min,6.2,56        ,46226,"64,003,625",Comedy
Sky High,100 min,6.2,62        ,83403,"63,946,815",Adventure
Last Vegas,105 min,6.6,48        ,130769,"63,914,167",Comedy
Mona Lisa Smile,117 min,6.5,45        ,79896,"63,860,942",Drama            
The Shape of Water,123 min,7.3,87        ,395157,"63,859,435",Adventure
Unknown,113 min,6.8,56        ,256033,"63,686,397",Action
Hope Springs,100 min,6.3,65        ,41990,"63,536,011",Comedy
Miami Vice,132 min,6.0,66        ,113936,"63,450,470",Action
The Time Traveler's Wife,107 min,7.1,47        ,145775,"63,414,846",Comedy
Madea's Family Reunion,107 min,5.3,45        ,11129,"63,318,000",Comedy
Saw IV,93 min,5.9,36        ,146119,"63,300,095",Crime
The Holiday,136 min,6.9,52        ,262765,"63,224,849",Comedy
Forgetting Sarah Marshall,111 min,7.1,67        ,274283,"63,172,463",Comedy
The Sorcerer's Apprentice,109 min,6.1,46        ,157648,"63,150,991",Action
A Nightmare on Elm Street,95 min,5.2,35        ,96643,"63,075,011",Crime
The Boss,99 min,5.4,40        ,44294,"63,034,755",Comedy            
The Last Song,107 min,6.0,33        ,84688,"62,950,384",Drama
Scary Stories to Tell in the Dark,108 min,6.2,61        ,69263,"62,739,086",Adventure
London Has Fallen,99 min,5.9,28        ,151871,"62,678,608",Action
Jarhead,125 min,7.0,58        ,182306,"62,658,220",Action
Black Mass,123 min,6.9,68        ,174031,"62,575,678",Biography
The Fast and the Furious: Tokyo Drift,104 min,6.0,45        ,258350,"62,514,415",Action
The Adjustment Bureau,106 min,7.0,60        ,251335,"62,495,645",Romance
The Call of the Wild,100 min,6.8,47        ,44335,"62,342,368",Adventure
Underworld: Awakening,88 min,6.3,39        ,150448,"62,321,039",Action
Underworld: Evolution,106 min,6.7,36        ,195098,"62,318,875",Action
Terminator: Dark Fate,128 min,6.2,54        ,163946,"62,253,077",Action
Bewitched,102 min,4.8,34        ,71087,"62,252,415",Comedy
The Wolfman,103 min,5.8,43        ,105036,"61,979,680",Drama
Ender's Game,114 min,6.6,51        ,231820,"61,737,191",Action
A Beautiful Day in the Neighborhood,109 min,7.3,80        ,70322,"61,704,055",Biography
Miracles from Heaven,109 min,7.1,44        ,24042,"61,693,523",Biography
Cinderella Man,144 min,8.0,69        ,181928,"61,649,911",Biography
Onward,102 min,7.4,61        ,127496,"61,555,145",Animation
Deepwater Horizon,107 min,7.1,68        ,160970,"61,433,527",Action
Stomp the Yard,115 min,5.5,44        ,25335,"61,356,221",Drama
Rules of Engagement,128 min,6.4,45        ,46305,"61,335,230",Drama
The Cell,107 min,6.4,40        ,99842,"61,334,059",Crime
Friday Night Lights,118 min,7.2,70        ,61386,"61,255,921",Action
The Shaggy Dog,98 min,4.4,43        ,18872,"61,123,569",Comedy
Prisoners,153 min,8.1,70        ,643429,"61,002,302",Crime
Get Him to the Greek,109 min,6.3,65        ,174093,"60,974,475",Comedy
Mission to Mars,114 min,5.7,34        ,72159,"60,883,407",Adventure
Coyote Ugly,100 min,5.7,27        ,111057,"60,786,269",Comedy
God's Not Dead,113 min,4.7,16        ,41926,"60,755,732",Drama            
Abominable,97 min,7.0,61        ,34475,"60,716,390",Animation
Poseidon,98 min,5.7,50        ,101810,"60,674,817",Action
After Earth,100 min,4.8,33        ,196693,"60,522,097",Action
Shanghai Knights,114 min,6.2,58        ,103451,"60,476,872",Action
The Lucky One,101 min,6.5,39        ,104830,"60,457,138",Drama
The Wedding Planner,103 min,5.3,33        ,79028,"60,400,856",Comedy
Burn After Reading,96 min,7.0,63        ,321584,"60,355,347",Comedy
Why Him?,111 min,6.2,39        ,106730,"60,323,786",Comedy            
Blockers,102 min,6.2,69        ,75813,"60,311,495",Comedy            
Baby Mama,99 min,6.0,55        ,43811,"60,269,340",Comedy
Resident Evil: Afterlife,96 min,5.8,37        ,166790,"60,128,566",Action
Why Did I Get Married Too?,121 min,4.7,43        ,9486,"60,095,852",Comedy
The Family Stone,103 min,6.3,56        ,64099,"60,062,868",Comedy
Bad Santa,92 min,7.0,70        ,138316,"60,060,328",Comedy
Brüno,81 min,5.8,54        ,146912,"60,054,530",Comedy            
Tooth Fairy,101 min,5.0,36        ,44603,"60,022,256",Comedy
Snow Day,89 min,5.1,34        ,12102,"60,020,107",Adventure
The Good Shepherd,167 min,6.7,61        ,101037,"59,952,835",Drama
Little Miss Sunshine,101 min,7.8,80        ,456310,"59,891,098",Comedy
Pacific Rim: Uprising,111 min,5.6,44        ,111855,"59,874,525",Action
The Benchwarmers,85 min,5.5,25        ,49789,"59,843,754",Comedy
Secretariat,123 min,7.2,61        ,27632,"59,713,955",Biography
Son of God,138 min,5.7,37        ,18733,"59,700,064",Biography
Love Actually,135 min,7.6,55        ,449026,"59,696,144",Comedy
Gothika,98 min,5.8,38        ,110559,"59,694,580",Horror
My Big Fat Greek Wedding 2,94 min,6.0,37        ,29646,"59,689,605",Comedy
The Dictator,83 min,6.4,58        ,290663,"59,650,222",Comedy            
